"name","run.no.in.std.order","run.no","run.no.std.rp","size","processes","Blocks"
"1","6",1,"6.1","10000","20",".1"
"2","2",2,"2.1","10000","1",".1"
"3","5",3,"5.1","3000","20",".1"
"4","4",4,"4.1","10000","10",".1"
"5","3",5,"3.1","3000","10",".1"
"6","1",6,"1.1","3000","1",".1"
"7","6",7,"6.2","10000","20",".2"
"8","5",8,"5.2","3000","20",".2"
"9","3",9,"3.2","3000","10",".2"
"10","2",10,"2.2","10000","1",".2"
"11","1",11,"1.2","3000","1",".2"
"12","4",12,"4.2","10000","10",".2"
"13","2",13,"2.3","10000","1",".3"
"14","4",14,"4.3","10000","10",".3"
"15","6",15,"6.3","10000","20",".3"
"16","3",16,"3.3","3000","10",".3"
"17","1",17,"1.3","3000","1",".3"
"18","5",18,"5.3","3000","20",".3"
